<?xml version="1.0"?>
<doc>
    <assembly>
        <name>Sopheon.Apps.CloudOffice</name>
    </assembly>
    <members>
        <member name="T:Sopheon.Apps.CloudOffice.Api.Controllers.V1.OfficeOnlineController">
            <summary>
            </summary>
        </member>
        <member name="M:Sopheon.Apps.CloudOffice.Api.Controllers.V1.OfficeOnlineController.GetManifest(System.Boolean)">
            <summary>
            Gets the Office Online AddIn manifest.
            </summary>
            <param name="enableProps">if set to <c>true</c> (the default) enables the document properties menu item.</param>
            <returns></returns>
        </member>
        <member name="T:Sopheon.Apps.CloudOffice.App_Start.BundleConfig">
            <summary>
            </summary>
        </member>
        <member name="M:Sopheon.Apps.CloudOffice.App_Start.BundleConfig.#ctor">
            <summary>
            </summary>
        </member>
        <member name="P:Sopheon.Apps.CloudOffice.App_Start.BundleConfig.Current">
            <summary>
            </summary>
        </member>
        <member name="T:Sopheon.Apps.CloudOffice.CustomEvents.EventHandlers">
            <summary>
            </summary>
        </member>
        <member name="T:Sopheon.Apps.CloudOffice.Internal.CommonUtils">
            <summary>
            </summary>
        </member>
        <member name="M:Sopheon.Apps.CloudOffice.Internal.CommonUtils.GetOfficeName">
            <summary>
            </summary>
        </member>
        <member name="M:Sopheon.Apps.CloudOffice.Internal.CommonUtils.IsOffice(System.String)">
            <summary>
            </summary>
        </member>
        <member name="T:Sopheon.Apps.CloudOffice.Internal.DocumentUtils">
            <summary>
            </summary>
        </member>
        <member name="F:Sopheon.Apps.CloudOffice.Internal.DocumentUtils.HyperlinkEndPlaceholderText">
            <summary>
            </summary>
        </member>
        <member name="F:Sopheon.Apps.CloudOffice.Internal.DocumentUtils.HyperlinkStartkPlaceholderText">
            <summary>
            </summary>
        </member>
        <member name="M:Sopheon.Apps.CloudOffice.Internal.DocumentUtils.ConvertBookmarkToHyperlinks(Aspose.Words.DocumentBuilder,Aspose.Words.Bookmark,System.Int32)">
            <summary>
            </summary>
        </member>
        <member name="M:Sopheon.Apps.CloudOffice.Internal.DocumentUtils.ConvertHyperlinksToBookmark(Aspose.Words.DocumentBuilder,Aspose.Words.Fields.FieldHyperlink,Aspose.Words.Fields.FieldHyperlink)">
            <summary>
            </summary>
        </member>
        <member name="M:Sopheon.Apps.CloudOffice.Internal.DocumentUtils.GetDownloadDocumentVisitor(System.Nullable{System.Double})">
            <summary>
            </summary>
        </member>
        <member name="M:Sopheon.Apps.CloudOffice.Internal.DocumentUtils.GetHyperlinkForPlaceholder(System.Int32,System.String,System.Int32,System.String,System.Boolean)">
            <summary>
            </summary>
        </member>
        <member name="M:Sopheon.Apps.CloudOffice.Internal.DocumentUtils.GetPlaceholderData(Aspose.Words.Fields.FieldHyperlink)">
            <summary>
            </summary>
        </member>
        <member name="M:Sopheon.Apps.CloudOffice.Internal.DocumentUtils.GetSaveFormat(System.String)">
            <summary>
            </summary>
        </member>
        <member name="M:Sopheon.Apps.CloudOffice.Internal.DocumentUtils.GetUploadDocumentVisitor(System.Nullable{System.Double})">
            <summary>
            </summary>
        </member>
        <member name="M:Sopheon.Apps.CloudOffice.Internal.DocumentUtils.IsPlaceholder(Aspose.Words.Fields.FieldHyperlink,System.String)">
            <summary>
            </summary>
        </member>
        <member name="M:Sopheon.Apps.CloudOffice.Internal.DocumentUtils.IsPlaceholder(Aspose.Words.Fields.FieldHyperlink,Aspose.Words.Fields.FieldHyperlink)">
            <summary>
            </summary>
        </member>
        <member name="M:Sopheon.Apps.CloudOffice.Internal.DocumentUtils.IsPlaceholder(Aspose.Words.Bookmark)">
            <summary>
            </summary>
        </member>
        <member name="M:Sopheon.Apps.CloudOffice.Internal.DocumentUtils.IsPlaceholder(System.String)">
            <summary>
            </summary>
        </member>
        <member name="T:Sopheon.Apps.CloudOffice.Internal.DownloadDocumentVisitorForGSuite">
            <summary>
            </summary>
        </member>
        <member name="M:Sopheon.Apps.CloudOffice.Internal.DownloadDocumentVisitorForGSuite.#ctor(System.Double)">
            <summary>
            </summary>
        </member>
        <member name="M:Sopheon.Apps.CloudOffice.Internal.DownloadDocumentVisitorForGSuite.VisitBookmarkStart(Aspose.Words.BookmarkStart)">
            <summary>
            </summary>
        </member>
        <member name="M:Sopheon.Apps.CloudOffice.Internal.DownloadDocumentVisitorForGSuite.VisitDocumentEnd(Aspose.Words.Document)">
            <summary>
            </summary>
        </member>
        <member name="M:Sopheon.Apps.CloudOffice.Internal.DownloadDocumentVisitorForGSuite.VisitDocumentStart(Aspose.Words.Document)">
            <summary>
            </summary>
        </member>
        <member name="M:Sopheon.Apps.CloudOffice.Internal.DownloadDocumentVisitorForGSuite.VisitFieldStart(Aspose.Words.Fields.FieldStart)">
            <summary>
            </summary>
        </member>
        <member name="T:Sopheon.Apps.CloudOffice.Internal.EmbeddedResourceForIFrameRouteHandler">
            <summary>
            </summary>
        </member>
        <member name="T:Sopheon.Apps.CloudOffice.Internal.JavaScriptTransformer">
            <summary>
            </summary>
        </member>
        <member name="M:Sopheon.Apps.CloudOffice.Internal.JavaScriptTransformer.GetTransformers(System.Func{System.String,System.Boolean})">
            <summary>
            </summary>
        </member>
        <member name="M:Sopheon.Apps.CloudOffice.Internal.JavaScriptTransformer.Transform(System.IO.Stream)">
            <summary>
            </summary>
        </member>
        <member name="T:Sopheon.Apps.CloudOffice.Internal.HtmlTransformer">
            <summary>
            </summary>
        </member>
        <member name="M:Sopheon.Apps.CloudOffice.Internal.HtmlTransformer.GetTransformers(System.Func{System.String,System.Boolean})">
            <summary>
            </summary>
        </member>
        <member name="M:Sopheon.Apps.CloudOffice.Internal.HtmlTransformer.Transform(System.IO.Stream)">
            <summary>
            </summary>
        </member>
        <member name="T:Sopheon.Apps.CloudOffice.Internal.Constants">
            <summary>
            </summary>
        </member>
        <member name="F:Sopheon.Apps.CloudOffice.Internal.Constants.DefaultVisitorTimeoutInSeconds">
            <summary>
            </summary>
        </member>
        <member name="F:Sopheon.Apps.CloudOffice.Internal.Constants.Assembly">
            <summary>
            </summary>
        </member>
        <member name="F:Sopheon.Apps.CloudOffice.Internal.Constants.AssemblyName">
            <summary>
            </summary>
        </member>
        <member name="F:Sopheon.Apps.CloudOffice.Internal.Constants.EmbeddedUrl">
            <summary>
            </summary>
        </member>
        <member name="F:Sopheon.Apps.CloudOffice.Internal.Constants.ResourcesUrl">
            <summary>
            </summary>
        </member>
        <member name="P:Sopheon.Apps.CloudOffice.Internal.Constants.Properties">
            <summary>
            </summary>
        </member>
        <member name="T:Sopheon.Apps.CloudOffice.Internal.Constants.Office">
            <summary>
            </summary>
        </member>
        <member name="F:Sopheon.Apps.CloudOffice.Internal.Constants.Office.GSuite">
            <summary>
            </summary>
        </member>
        <member name="F:Sopheon.Apps.CloudOffice.Internal.Constants.Office.Office365">
            <summary>
            </summary>
        </member>
        <member name="T:Sopheon.Apps.CloudOffice.Internal.PluginUtils">
            <summary>
            </summary>
        </member>
        <member name="M:Sopheon.Apps.CloudOffice.Internal.PluginUtils.GetProperties(System.Type)">
            <summary>
            Gets the Plugin properties.
            The property values are initialized from <see cref="T:Sopheon.Accolade.Web.Plugins.Core.PluginPropertyAttribute"/> attributes.
            </summary>
            <param name="pluginType">Type of the plugin.</param>
            <returns></returns>
        </member>
        <member name="T:Sopheon.Apps.CloudOffice.Internal.UploadDocumentVisitorForGSuite">
            <summary>
            </summary>
        </member>
        <member name="M:Sopheon.Apps.CloudOffice.Internal.UploadDocumentVisitorForGSuite.#ctor(System.Double)">
            <summary>
            </summary>
        </member>
        <member name="M:Sopheon.Apps.CloudOffice.Internal.UploadDocumentVisitorForGSuite.VisitBookmarkStart(Aspose.Words.BookmarkStart)">
            <summary>
            </summary>
        </member>
        <member name="M:Sopheon.Apps.CloudOffice.Internal.UploadDocumentVisitorForGSuite.VisitDocumentEnd(Aspose.Words.Document)">
            <summary>
            </summary>
        </member>
        <member name="M:Sopheon.Apps.CloudOffice.Internal.UploadDocumentVisitorForGSuite.VisitDocumentStart(Aspose.Words.Document)">
            <summary>
            </summary>
        </member>
        <member name="M:Sopheon.Apps.CloudOffice.Internal.UploadDocumentVisitorForGSuite.VisitFieldStart(Aspose.Words.Fields.FieldStart)">
            <summary>
            </summary>
        </member>
        <member name="T:Sopheon.Apps.CloudOffice.Plugins.EmbeddedResourcesPlugin">
            <summary>
            </summary>
        </member>
        <member name="M:Sopheon.Apps.CloudOffice.Plugins.EmbeddedResourcesPlugin.GetContent">
            <summary>
            </summary>
        </member>
        <member name="M:Sopheon.Apps.CloudOffice.Plugins.EmbeddedResourcesPlugin.GetScripts">
            <summary>
            </summary>
        </member>
        <member name="M:Sopheon.Apps.CloudOffice.Plugins.EmbeddedResourcesPlugin.GetStyles">
            <summary>
            </summary>
        </member>
        <member name="M:Sopheon.Apps.CloudOffice.Plugins.EmbeddedResourcesPlugin.SetProperties(System.Collections.Generic.IDictionary{System.String,Sopheon.Accolade.Web.Plugins.Core.PluginProperty})">
            <summary>
            </summary>
        </member>
        <member name="T:Sopheon.Apps.CloudOffice.Startup">
            <summary>
            </summary>
        </member>
    </members>
</doc>
