<setup name="Cloud Office v1.0.0-rc.1">
  <prereqs>
    <prereq name="Accolade v12.3" />
  </prereqs>
  <manifest>
    <file name="Sopheon.Apps.CloudOffice.dll" source="Files\Sopheon.Apps.CloudOffice.dll">
      <location path="Website\Bin\Plugins"/>
    </file>
    <file name="Sopheon.Apps.CloudOffice.config.json" source="Files\Sopheon.Apps.CloudOffice.config.json">
      <location path="Website\Bin\Plugins"/>
    </file>
    <file name="CloudOfficeApiHelp.xml" source="Files\CloudOfficeApiHelp.xml">
      <location path="Website\App_Data"/>
    </file>
  </manifest>
  <xdt>
    <file path="Configuration\CustomEvents.config">
      <sopheonCustomEvents xmlns:xdt="http://schemas.microsoft.com/XML-Document-Transform">
        <customEvents>
          <customEvent name="OnDocumentUpload" xdt:Transform="Remove" xdt:Locator="Match(name)" />
          <customEvent name="OnDocumentUpload" enabled="true" type="Sopheon.Apps.CloudOffice.CustomEvents.EventHandlers, Sopheon.Apps.CloudOffice" xdt:Transform="Insert" />
          <customEvent name="BeforeDocumentDownload" xdt:Transform="Remove" xdt:Locator="Match(name)" />
          <customEvent name="BeforeDocumentDownload" enabled="true" type="Sopheon.Apps.CloudOffice.CustomEvents.EventHandlers, Sopheon.Apps.CloudOffice" xdt:Transform="Insert" />
        </customEvents>
      </sopheonCustomEvents>
    </file>
    <file path="Website\web.config">
      <configuration xmlns:xdt="http://schemas.microsoft.com/XML-Document-Transform">
        <appSettings>
          <add key="cors:AllowedOrigins" xdt:Transform="Remove" xdt:Locator="Match(key)" />
          <add key="cors:AllowedOrigins" value="*" xdt:Transform="Insert" />
        </appSettings>
        <location path="CloudOffice" xdt:Transform="Remove" xdt:Locator="Match(path)" />
        <location path="CloudOffice" xdt:Transform="InsertBefore(/configuration/system.webServer)">
          <system.web>
            <authorization>
              <allow users="?" />
            </authorization>
          </system.web>
        </location>
        <location path="Plugins/Sopheon.Apps.CloudOffice/Embedded" xdt:Transform="Remove" xdt:Locator="Match(path)" />
        <location path="Plugins/Sopheon.Apps.CloudOffice/Embedded" xdt:Transform="InsertBefore(/configuration/system.webServer)">
          <system.web>
            <authorization>
              <allow users="?" />
            </authorization>
          </system.web>
        </location>
      </configuration>
    </file>
  </xdt>
</setup>
